date;entityId
1539008127;0
1540401376;1
1564747344;2
1545079117;3
1557388730;4
1562371367;5
1551371681;6
1563175856;7
1555127523;8
1564841775;9
1556680723;10
1554375980;11
1552157959;12
1544488986;13
1538910830;14
1543279254;15
1550622860;16
1545634687;17
1543014536;18
1546903074;19
1544889910;20
1553732727;21
1540186391;22
1548044148;23
1542132313;24
1538394120;25
1562427610;26
1564021438;27
1534949851;28
1555968636;29
1538480321;30
1552472458;31
1548200272;32
1557446404;33
1548290233;34
1555158968;35
1534829460;36
1545023350;37
1549659396;38
1535886611;39
1546724691;40
1542329972;41
1537980388;42
1544541725;43
1543660718;44
1562709984;45
1562034053;46
1537525035;47
1552568739;48
1538447192;49
1562413807;50
1539014526;51
1541991731;52
1554848350;53
1559315861;54
1562002878;55
1551418588;56
1547457453;57
1550623690;58
1537418971;59
1548822846;60
1538348277;61
1560404663;62
1556464082;63
1548055516;64
1550987774;65
1561696612;66
1537340461;67
1555833682;68
1565780443;69
1560657925;70
1556654354;71
1542750526;72
1562036510;73
1546073823;74
1561367783;75
1536194754;76
1563070773;77
1534605751;78
1552473163;79
1545461857;80
1552586551;81
1537020801;82
1549714441;83
1562856073;84
1537352039;85
1535470350;86
1559253791;87
1541222737;88
1543219913;89
1536122811;90
1538051067;91
1562943305;92
1538109932;93
1539021177;94
1547304271;95
1537769060;96
1538071819;97
1562401490;98
1565746136;99
1562199329;100
1536349279;101
1534874813;102
1562867301;103
1537647614;104
1542015143;105
1545744949;106
1534646194;107
1561955628;108
1538363902;109
1565279247;110
1537947863;111
1550264106;112
1543354160;113
1557486388;114
1535868849;115
1543663125;116
1545347456;117
1555279086;118
1556306673;119
1557158060;120
1557112378;121
1535874951;122
1544019835;123
1540252768;124
1562144234;125
1557912580;126
1556307053;127
1563147543;128
1556471636;129
1564422528;130
1535602078;131
1546515284;132
1544771949;133
1539788698;134
1539593866;135
1561889205;136
1538593218;137
1534889299;138
1552606775;139
1541001006;140
1560424202;141
1559048063;142
1545149808;143
1562305023;144
1555699036;145
1555165440;146
1535439501;147
1562427508;148
1542509693;149
1545675789;150
1555224537;151
1552654966;152
1537382448;153
1539661283;154
1547708020;155
1559264005;156
1539588809;157
1560380786;158
1541879429;159
1559700329;160
1552153877;161
1558078464;162
1546684058;163
1538435613;164
1539112835;165
1545290999;166
1550363904;167
1565396494;168
1535427236;169
1565252514;170
1549391354;171
1555462850;172
1558496669;173
1551044072;174
1548984319;175
1561131896;176
1561555346;177
1545598577;178
1561682686;179
1540338889;180
1545480042;181
1552794456;182
1540872638;183
1560615569;184
1538713462;185
1545485148;186
1557460321;187
1560402828;188
1540297198;189
1547233660;190
1547746099;191
1540792504;192
1550688706;193
1543154398;194
1560197670;195
1551083081;196
1564952676;197
1535348080;198
1545705855;199